Title,Location,Description,"Personal Notes","Start Date","End Date",Access,Priority,Message
"March 2021","Chennai, Tamil Nadu, India",testing,,"2021-03-26 15:44:10","2021-03-26 16:44:13",private,low,
"March 30","Chicago, IL, USA",test,,"2021-03-31 15:31:47","2021-03-30 16:31:47",private,low,
"Test 1","Chicago, IL, USA",testing,,"2021-04-09 03:02:51","2021-04-09 04:02:51",private,low,
"test 2","Chicago, IL, USA",test,,"2021-04-10 15:54:02","2021-04-10 16:54:02",private,low,
"test 16","Cancún, Quintana Roo, Mexico",test,,"2021-04-16 16:44:44","2021-04-16 17:44:44",private,low,
test23,"Chicago, IL, USA",test,,"2021-04-23 17:13:53","2021-04-23 18:13:53",private,low,
"April 30","Chicago, IL, USA",testing,,"2021-04-30 13:10:49","2021-04-30 14:10:49",public,low,
testing,"Chicago, IL, USA",testing,,"2021-05-14 15:14:49","2021-05-14 16:14:49",private,low,
test,"Chennai, Tamil Nadu, India",testing,,"2021-05-14 13:33:36","2021-05-14 14:33:36",private,low,
test,"Chennai, Tamil Nadu, India",test,,"2021-05-25 11:12:16","2021-05-25 12:12:16",private,low,
test,"Chennai, Tamil Nadu, India",test,,"2021-05-25 11:12:16","2021-05-25 12:12:16",private,low,
test,"Chennai, Tamil Nadu, India",test,,"2021-05-25 11:12:16","2021-05-25 12:12:16",private,low,
test,"Charleston, SC, USA",test,,"2021-05-25 11:16:41","2021-05-25 12:16:41",private,low,
test,"Chicago, IL, USA",testing,,"2021-05-25 11:18:28","2021-05-25 12:18:28",private,low,
test,"Chicago, IL, USA",description,,"2021-05-25 15:04:35","2021-05-25 16:04:35",private,low,
test,"Chennai, Tamil Nadu, India",test,,"2021-05-25 18:42:55","2021-05-25 19:42:55",private,low,
test,"Chicago, IL, USA",test,,"2021-06-23 17:27:20","2021-06-23 18:27:20",private,low,
Test,"Chicago, IL, USA",Testing,,"2021-06-24 14:10:38","2021-06-24 15:10:38",private,low,
"July Test Event","Chennai, Tamil Nadu, India",testing,,"2021-07-30 15:12:34","2021-08-06 16:12:34",public,low,
"New Event PlayBook","Chandigarh, India","testing testing ",,"2021-08-07 16:12:35","2021-08-07 17:12:35",public,low,
Test,"Cancún, Quintana Roo, Mexico",fsdfsdfsdfsfsfs,,"2021-08-06 16:40:15","2021-08-06 17:40:15",private,low,
Test,"Cancún, Quintana Roo, Mexico",fsdfsdfsdfsfsfs,,"2021-08-06 16:40:15","2021-08-06 17:40:15",private,low,
Test,"Cancún, Quintana Roo, Mexico",fsdfsdfsdfsfsfs,,"2021-08-06 16:40:15","2021-08-06 17:40:15",private,low,
Test,"Cancún, Quintana Roo, Mexico",fsdfsdfsdfsfsfs,,"2021-08-06 16:40:15","2021-08-06 17:40:15",private,low,
test,"Chicago, IL, USA",fcsdfsdf,,"2021-08-05 16:58:44","2021-08-05 17:58:44",private,low,
test,"Chicago, IL, USA",dgfdgfdsg,,"2021-08-12 18:41:31","2021-08-12 19:41:31",private,low,
"test waitlist","Chandigarh, India",testing,,"2021-08-13 13:30:46","2021-08-13 14:30:46",private,low,
test,"Chennai, Tamil Nadu, India",testing,,"2021-08-31 15:40:25","2021-08-31 16:40:25",private,low,
test,"Chennai, Tamil Nadu, India",testing,,"2021-09-01 16:13:16","2021-09-01 17:13:16",public,low,
"Test check-in","Chennai, Tamil Nadu, India",Testing,,"2021-09-10 16:05:53","2021-09-10 17:05:53",public,low,
test,"Chennai, Tamil Nadu, India","Checking checking",,"2021-09-23 18:07:41","2021-09-23 19:07:41",public,low,
test,"Chennai, Tamil Nadu, India","Checking checking",,"2021-09-23 18:07:41","2021-09-23 19:07:41",public,low,
test,"Chennai, Tamil Nadu, India","Checking checking",,"2021-09-23 18:07:41","2021-09-23 19:07:41",public,low,
test,"Chennai, Tamil Nadu, India","Checking checking",,"2021-09-23 18:07:41","2021-09-23 19:07:41",public,low,
test,"Chennai, Tamil Nadu, India","Checking checking",,"2021-09-23 18:07:41","2021-09-23 19:07:41",public,low,
test,"Chennai, Tamil Nadu, India","Checking checking",,"2021-09-23 18:07:41","2021-09-23 19:07:41",public,low,
test,"Chennai, Tamil Nadu, India","Checking checking",,"2021-09-23 18:07:41","2021-09-23 19:07:41",public,low,
test,"Chennai, Tamil Nadu, India","Checking checking",,"2021-09-23 18:07:41","2021-09-23 19:07:41",public,low,
Sept,"Chennai, Tamil Nadu, India",testing,,"2021-09-24 15:10:48","2021-09-24 16:10:48",private,low,
test,"Chennai, Tamil Nadu, India",test,,"2021-09-30 16:51:40","2021-09-30 17:51:40",public,low,
test,"Chennai, Tamil Nadu, India",sdfsdf,,"2021-10-01 17:01:39","2021-10-01 18:01:39",public,low,
test,"Chennai, Tamil Nadu, India",test,,"2021-09-14 18:21:41","2021-09-14 19:21:41",public,low,
test,"Chandigarh, India",testing,,"2021-09-20 16:34:11","2021-09-20 17:34:11",public,low,
Google,"Chennai, Tamil Nadu, India",testing,,"2021-10-02 11:21:59","2021-10-02 12:21:59",private,low,
"New test",,,,"2021-10-14 15:21:37","2021-10-14 16:21:37",public,low,
"new compare","Indianapolis, IN, USA","This is test",,"2021-10-21 11:28:46","2021-10-21 12:28:46",public,low,
XDFSDFSF,India,"This is test",,"2021-10-15 14:10:44","2021-10-21 15:10:44",public,low,
test,,,,"2021-11-26 12:08:54","2021-11-26 13:08:54",public,low,
test,,,,"2021-11-25 13:29:17","2021-11-25 14:29:17",public,low,
testuser3,,,,"2021-12-30 15:38:29","2021-12-30 16:38:29",public,low,
